Id,Car Maker,Car Model,Unit Price,Order Quantity,Order Date,Delivery Date
1,Chrysler,Town & Country,76,764,19/07/2012,18/11/2014
2,Ford,Explorer,50,813,22/11/2012,22/05/2012
3,Mercedes-Benz,300D,51,764,05/10/2011,29/07/2016
4,Hyundai,Santa Fe,91,872,29/08/2010,30/09/2012
5,Infiniti,G,64,869,10/09/2013,01/02/2016
6,Dodge,Dakota,46,930,23/05/2010,16/07/2016
7,Toyota,4Runner,96,854,23/09/2012,04/11/2017
8,BMW,Z4,66,214,17/12/2013,23/10/2011
9,GMC,Yukon XL 2500,90,329,19/02/2014,24/09/2011
10,Acura,RDX,47,652,12/10/2013,19/03/2013
11,Ford,F250,46,933,28/03/2012,12/11/2013
12,Volkswagen,Corrado,40,148,19/02/2012,27/06/2012
13,Chevrolet,Tahoe,15,534,25/10/2015,10/05/2017
14,Audi,A4,40,971,04/04/2014,25/10/2013
15,Chevrolet,Astro,42,839,02/06/2012,14/07/2015
16,Ford,Tempo,84,755,08/02/2017,15/10/2011
17,Toyota,Tacoma,24,855,26/09/2012,16/10/2017
18,Lexus,IS-F,77,208,11/11/2014,09/12/2015
19,GMC,Yukon,32,75,13/06/2012,18/04/2011
20,Lexus,ES,36,933,10/09/2011,10/04/2017
21,Acura,RL,62,374,06/05/2011,01/02/2015
22,Kia,Sportage,66,759,05/07/2012,02/03/2013
23,Pontiac,Grand Prix,42,471,23/05/2011,18/06/2015
24,Dodge,Caravan,20,144,27/10/2016,21/02/2017
25,Chevrolet,Cruze,42,96,03/11/2014,02/08/2013
26,Ford,Explorer Sport Trac,73,85,04/10/2011,28/12/2013
27,Chevrolet,2500,43,588,28/12/2011,26/01/2013
28,BMW,7 Series,53,64,17/06/2011,23/08/2014
29,Acura,MDX,45,201,22/05/2016,14/06/2013
30,Hyundai,Elantra,43,356,29/06/2016,22/07/2016
31,Lincoln,Navigator L,80,811,07/03/2011,01/11/2013
32,Honda,Pilot,32,733,12/04/2013,21/04/2016
33,Buick,Century,5,640,31/10/2012,09/06/2017
34,Saab,9-2X,90,994,26/09/2014,05/02/2014
35,Chevrolet,Camaro,73,621,07/05/2011,04/12/2016
36,Lincoln,Town Car,88,983,06/04/2016,04/02/2012
37,Ford,Escort,95,718,26/07/2011,14/07/2013
38,Oldsmobile,Achieva,19,540,03/07/2013,14/08/2011
39,Mazda,MPV,55,673,13/11/2013,17/11/2011
40,Mercedes-Benz,E-Class,46,438,21/04/2015,21/10/2016
41,Hyundai,XG300,78,653,19/05/2014,17/09/2017
42,Mitsubishi,Eclipse,92,740,30/12/2013,12/06/2017
43,Saab,9-5,1,634,18/06/2010,03/10/2011
44,Audi,S4,26,613,16/10/2010,16/04/2013
45,Pontiac,LeMans,2,949,15/02/2013,05/09/2011
46,Mitsubishi,Truck,6,121,03/01/2015,19/12/2016
47,Chrysler,Sebring,67,890,29/03/2016,27/01/2013
48,Isuzu,Amigo,89,388,03/04/2016,03/08/2011
49,Ford,F350,98,172,25/01/2013,27/11/2015
50,Nissan,200SX,50,510,21/03/2013,19/06/2013
51,BMW,M3,82,204,17/04/2010,05/07/2011
52,Kia,Sportage,71,327,31/07/2013,09/05/2014
53,Volvo,240,96,22,22/12/2010,22/05/2014
54,Toyota,Tacoma,10,556,25/05/2010,12/12/2011
55,Dodge,Ram 1500,58,578,07/08/2014,20/09/2013
56,Pontiac,Montana SV6,48,498,30/07/2016,30/09/2014
57,Shelby,GT350,82,237,25/03/2013,18/08/2012
58,Buick,LeSabre,31,99,12/08/2010,06/02/2018
59,Chevrolet,Corvette,44,388,21/04/2011,28/10/2011
60,Hyundai,Accent,9,687,11/02/2016,24/09/2014
61,Ford,Club Wagon,50,616,23/12/2010,07/07/2011
62,Dodge,Caravan,91,313,16/11/2012,31/08/2011
63,Lincoln,Town Car,91,522,13/01/2011,29/09/2015
64,Oldsmobile,Achieva,6,861,09/07/2011,17/04/2014
65,Isuzu,Axiom,98,148,23/06/2013,19/07/2011
66,Toyota,4Runner,72,806,05/03/2012,23/02/2012
67,Audi,V8,69,55,27/04/2013,26/04/2016
68,Mercury,Mountaineer,35,360,10/01/2017,07/04/2011
69,Saab,9-5,39,504,07/03/2016,16/01/2018
70,Chevrolet,Avalanche 2500,96,169,19/11/2012,20/09/2012
71,Mitsubishi,Expo,77,834,18/08/2016,08/12/2011
72,Dodge,Dakota,6,785,02/05/2015,10/09/2011
73,Audi,A8,48,141,22/03/2017,06/01/2017
74,GMC,3500,13,628,02/05/2016,07/06/2017
75,GMC,Rally Wagon 1500,20,368,10/10/2015,19/04/2011
76,GMC,2500,24,62,27/01/2012,03/06/2011
77,Buick,Coachbuilder,90,200,05/12/2011,13/01/2013
78,Lotus,Evora,20,709,28/07/2016,04/03/2013
79,Toyota,Venza,49,580,16/10/2012,18/10/2012
80,Volvo,XC70,50,578,08/12/2015,08/09/2015
81,Isuzu,Stylus,51,772,14/10/2014,17/07/2013
82,Mitsubishi,Galant,75,582,22/07/2015,17/02/2015
83,Jeep,Compass,59,391,19/12/2013,29/01/2012
84,Nissan,Frontier,100,360,11/02/2013,17/11/2012
85,Mazda,B-Series Plus,83,559,10/03/2013,04/02/2016
86,Chevrolet,Aveo,45,435,31/10/2013,11/02/2016
87,GMC,Sierra 1500,95,654,31/10/2015,08/09/2016
88,Jaguar,XF,91,779,01/08/2016,26/10/2015
89,GMC,Yukon XL 2500,98,321,15/10/2016,16/05/2011
90,Land Rover,Range Rover Sport,59,144,03/05/2016,24/10/2015
91,Ford,Focus,77,180,13/09/2013,02/10/2014
92,Ford,Mustang,13,35,27/08/2013,20/03/2015
93,Suzuki,Equator,92,272,29/04/2013,20/05/2017
94,Mazda,Navajo,17,720,27/12/2016,02/07/2011
95,Volvo,S70,26,924,13/10/2010,02/02/2014
96,Chevrolet,Tahoe,64,245,10/04/2016,02/05/2015
97,Jaguar,XK Series,71,562,06/08/2011,13/07/2017
98,Nissan,Maxima,96,12,19/05/2015,01/01/2013
99,Chevrolet,Express,81,278,24/08/2010,11/09/2013
100,Ford,F250,95,383,25/07/2011,18/05/2014
101,Geo,Metro,62,321,15/10/2010,24/09/2017
102,GMC,2500,8,219,23/12/2010,17/09/2012
103,Ford,Explorer Sport Trac,2,204,20/08/2014,06/07/2013
104,Pontiac,Grand Prix,44,558,13/08/2010,02/04/2013
105,Dodge,Ramcharger,94,90,28/01/2014,14/10/2012
106,Mercury,Mountaineer,17,487,02/08/2015,21/09/2013
107,Lincoln,Continental,81,512,02/05/2012,20/09/2011
108,Suzuki,SJ,64,583,30/11/2012,25/01/2017
109,GMC,Envoy XL,1,395,29/07/2011,30/10/2015
110,Cadillac,Seville,7,312,20/11/2016,12/10/2013
111,Nissan,Maxima,11,610,31/01/2013,25/01/2016
112,Saturn,VUE,62,9,27/04/2011,04/12/2013
113,Mercury,Mountaineer,33,355,18/09/2016,17/07/2016
114,Volvo,V70,51,354,11/12/2011,22/12/2011
115,Jeep,Compass,9,879,05/09/2010,24/09/2011
116,Lincoln,MKS,66,31,09/02/2013,19/11/2012
117,Saab,900,30,110,11/03/2011,11/04/2016
118,Mercury,Milan,64,545,23/06/2013,27/01/2014
119,Dodge,Ram 3500,60,710,04/03/2017,02/07/2015
120,Hyundai,Veloster,91,47,27/01/2012,19/11/2016
121,Porsche,968,99,417,12/08/2010,24/09/2016
122,Isuzu,Ascender,63,822,29/01/2015,18/09/2016
123,Mercury,Villager,85,639,19/11/2016,05/10/2015
124,Lincoln,Continental,43,262,14/07/2014,29/05/2014
125,Mercedes-Benz,E-Class,83,804,19/12/2013,26/04/2013
126,GMC,Rally Wagon 2500,72,378,16/01/2013,08/06/2011
127,Nissan,Xterra,70,707,18/11/2014,15/03/2015
128,Chevrolet,Lumina,7,142,11/09/2011,06/07/2012
129,Lotus,Exige,25,276,08/07/2012,24/07/2015
130,Chevrolet,Corvette,54,522,28/10/2013,23/01/2014
131,Pontiac,1000,59,972,01/10/2010,23/01/2016
132,Hyundai,Equus,34,455,14/12/2012,19/05/2012
133,Oldsmobile,Intrigue,28,834,14/05/2012,06/09/2017
134,Dodge,Ram Van 3500,12,502,28/06/2013,12/04/2015
135,Pontiac,6000,7,810,29/12/2013,26/03/2018
136,Ford,Thunderbird,22,935,05/12/2013,02/08/2012
137,Maserati,Gran Sport,57,460,08/02/2017,23/05/2015
138,Ford,Econoline E150,21,450,20/03/2012,28/02/2015
139,Plymouth,Voyager,59,19,13/07/2010,20/09/2014
140,Porsche,944,59,617,10/03/2012,12/02/2013
141,Suzuki,Aerio,37,810,26/03/2016,03/12/2016
142,Mazda,RX-8,34,165,23/07/2016,10/08/2017
143,Porsche,911,52,581,20/05/2013,22/12/2017
144,Cadillac,Eldorado,99,585,18/06/2012,29/12/2013
145,Jeep,Patriot,10,585,29/10/2010,15/01/2017
146,Pontiac,Grand Am,57,877,30/10/2014,01/06/2012
147,Dodge,Spirit,88,999,14/05/2013,10/06/2017
148,Aston Martin,Rapide,16,608,11/06/2012,11/05/2014
149,Suzuki,Forenza,44,597,30/09/2014,10/03/2013
150,Hyundai,Santa Fe,30,329,03/12/2014,09/01/2012
151,Maserati,Quattroporte,12,375,31/05/2014,24/08/2012
152,Toyota,Highlander,26,335,19/06/2011,03/04/2015
153,Mazda,626,63,656,01/06/2015,01/12/2014
154,Eagle,Vision,99,141,21/08/2014,18/08/2013
155,Buick,Regal,54,771,13/01/2014,29/01/2013
156,Nissan,Frontier,90,608,28/03/2013,04/02/2012
157,Mazda,Familia,71,107,02/08/2010,31/07/2016
158,Ford,Tempo,60,413,28/02/2016,01/11/2011
159,BMW,7 Series,78,965,17/05/2016,06/06/2013
160,Toyota,Camry,93,139,10/10/2011,02/07/2016
161,Ford,Bronco,95,906,29/04/2011,26/01/2013
162,Chevrolet,Avalanche 1500,5,254,11/10/2012,23/02/2012
163,Mercedes-Benz,CL-Class,31,761,27/07/2014,01/03/2017
164,Ford,F250,45,920,15/09/2012,05/06/2016
165,Suzuki,Swift,38,974,28/03/2014,29/05/2013
166,Lincoln,MKX,100,755,07/04/2014,22/07/2011
167,BMW,X5,69,896,19/06/2016,11/10/2011
168,GMC,Sierra 3500,95,359,04/02/2013,21/03/2016
169,Toyota,RAV4,44,111,04/07/2012,25/08/2015
170,Plymouth,Voyager,92,853,25/10/2012,16/07/2015
171,BMW,8 Series,93,112,19/12/2010,01/01/2012
172,Ford,F250,82,736,25/11/2012,01/04/2017
173,Chevrolet,Prizm,78,89,21/03/2016,24/06/2014
174,Ford,Edge,11,105,25/07/2013,12/10/2013
175,Subaru,Impreza WRX,67,151,28/09/2011,02/09/2012
176,Hummer,H2,24,303,05/05/2016,17/04/2016
177,Pontiac,Sunfire,23,27,21/11/2015,10/05/2016
178,Land Rover,Discovery,78,555,27/01/2015,16/08/2015
179,Lincoln,MKX,94,975,06/01/2015,29/11/2014
180,Toyota,4Runner,31,443,24/12/2016,04/10/2016
181,Jaguar,XJ,79,753,06/08/2010,28/12/2011
182,Chevrolet,Malibu,48,5,19/04/2012,29/08/2013
183,Mitsubishi,Montero Sport,60,376,03/11/2010,18/05/2015
184,Cadillac,Escalade,73,721,19/07/2014,18/05/2012
185,Hyundai,Accent,74,975,17/12/2013,04/08/2014
186,Acura,NSX,60,509,22/03/2016,18/03/2016
187,Honda,Element,7,985,07/02/2017,29/05/2016
188,Oldsmobile,Silhouette,21,615,06/02/2017,27/12/2012
189,Ford,Laser,58,953,06/10/2013,24/08/2016
190,Toyota,Solara,83,900,18/12/2014,06/11/2014
191,Subaru,Impreza,92,675,16/04/2012,11/03/2015
192,Pontiac,LeMans,93,621,27/04/2013,05/01/2013
193,Land Rover,LR4,82,149,03/03/2016,05/08/2014
194,Pontiac,Sunbird,79,556,06/05/2014,07/01/2016
195,Mercedes-Benz,SLK-Class,19,470,31/03/2016,27/01/2013
196,Honda,Accord,11,972,27/05/2016,16/08/2012
197,Porsche,Boxster,99,902,09/03/2017,23/04/2012
198,Toyota,Celica,80,393,23/02/2014,25/04/2017
199,Porsche,911,91,807,15/12/2012,02/10/2014
200,Buick,Regal,63,82,10/05/2016,11/07/2012
201,Acura,MDX,39,363,22/02/2016,14/08/2015
202,Lincoln,Town Car,68,351,18/02/2016,27/07/2015
203,Chevrolet,HHR,9,420,05/12/2012,28/02/2018
204,Ford,Thunderbird,49,519,10/02/2017,12/09/2015
205,Nissan,240SX,54,422,02/02/2015,05/03/2016
206,Dodge,Ramcharger,45,520,11/01/2016,03/11/2017
207,Ford,Econoline E150,21,224,05/01/2013,28/07/2011
208,Mercury,Montego,36,438,17/03/2014,16/08/2017
209,BMW,5 Series,47,5,27/10/2016,28/03/2018
210,Kia,Sorento,64,544,13/09/2014,17/01/2014
211,Mazda,Miata MX-5,29,202,20/06/2015,05/03/2016
212,Ford,F150,32,608,20/06/2010,29/04/2011
213,Nissan,200SX,83,363,03/11/2012,16/01/2018
214,BMW,760,59,754,12/01/2015,27/11/2014
215,GMC,Vandura G3500,43,522,11/03/2011,26/04/2015
216,Land Rover,Range Rover Sport,9,980,31/05/2016,20/07/2014
217,Dodge,Durango,38,833,21/02/2013,24/10/2017
218,Chevrolet,Suburban 1500,17,392,05/11/2010,24/04/2016
219,Jeep,Grand Cherokee,81,620,30/06/2011,10/07/2013
220,Toyota,Corolla,49,947,05/11/2015,17/12/2016
221,Volvo,C70,95,174,29/12/2014,27/09/2016
222,Chevrolet,Monte Carlo,91,428,02/06/2012,24/08/2012
223,Dodge,Stealth,61,747,07/01/2017,31/05/2014
224,Toyota,Avalon,85,936,07/11/2011,19/10/2014
225,Volkswagen,GTI,17,657,08/01/2017,08/04/2015
226,BMW,X5,73,464,10/08/2013,09/08/2011
227,Dodge,Ram Van 2500,93,579,09/10/2012,11/01/2012
228,Ford,Taurus,57,810,04/11/2010,03/09/2011
229,Nissan,Quest,77,993,31/10/2013,02/08/2016
230,Lincoln,Continental Mark VII,3,65,07/07/2010,08/02/2016
231,Cadillac,Seville,34,169,16/09/2011,12/10/2016
232,Hyundai,Accent,10,679,23/01/2011,07/02/2016
233,Ford,F-Series,65,251,12/08/2011,01/01/2013
234,Ford,Escape,20,806,23/02/2016,06/06/2012
235,Mitsubishi,Eclipse,71,421,27/05/2013,05/01/2015
236,Bentley,Continental,17,315,04/09/2013,07/12/2014
237,Land Rover,LR3,69,419,25/11/2011,16/05/2016
238,Mercury,Mystique,58,389,15/07/2011,03/10/2014
239,Cadillac,STS,70,782,23/05/2016,17/10/2013
240,Hyundai,Accent,75,446,31/08/2013,07/06/2017
241,GMC,3500,71,49,20/01/2017,30/09/2017
242,Mercury,Grand Marquis,79,688,08/04/2010,06/01/2018
243,Hyundai,Elantra,83,144,10/12/2012,02/03/2016
244,Ford,Thunderbird,45,608,24/04/2012,29/03/2012
245,Mercedes-Benz,C-Class,89,764,11/04/2013,03/04/2016
246,Chevrolet,TrailBlazer,95,610,12/11/2012,16/08/2012
247,Chevrolet,Express 2500,68,486,23/03/2012,06/03/2013
248,Nissan,Cube,72,448,10/10/2014,09/04/2015
249,GMC,Canyon,85,254,07/03/2014,02/04/2014
250,Mitsubishi,Montero,6,440,30/03/2012,26/03/2012
251,Chevrolet,Corvette,67,656,10/01/2015,24/02/2017
252,Audi,A6,85,600,10/02/2011,03/06/2011
253,Ford,E150,10,642,17/10/2011,22/08/2014
254,Kia,Amanti,9,578,18/07/2010,05/05/2015
255,Dodge,Stratus,14,175,10/12/2014,25/09/2013
256,Mazda,RX-7,3,339,30/11/2012,23/10/2014
257,Dodge,Charger,51,878,03/11/2011,31/10/2012
258,Lexus,ES,11,320,18/12/2010,09/04/2015
259,Acura,TL,13,869,18/12/2010,03/05/2017
260,Kia,Sedona,8,544,23/08/2012,18/10/2014
261,Hyundai,Azera,97,640,23/12/2016,23/03/2016
262,Maserati,GranTurismo,65,598,18/01/2014,17/07/2013
263,Dodge,Ram Van 1500,5,913,06/02/2011,18/07/2015
264,Chrysler,LHS,81,491,23/09/2012,07/09/2015
265,Scion,xD,82,850,13/02/2016,18/09/2017
266,Mitsubishi,Chariot,71,739,04/12/2016,13/06/2016
267,Lexus,LX,72,714,21/02/2012,02/02/2017
268,Honda,Civic Si,93,77,26/08/2010,23/10/2014
269,Plymouth,Breeze,31,320,24/11/2011,21/12/2014
270,Toyota,Tacoma,2,455,27/10/2013,28/03/2018
271,Pontiac,GTO,6,934,29/04/2016,24/02/2012
272,Lexus,ES,51,777,30/10/2012,22/02/2018
273,Pontiac,Firebird,77,747,30/11/2012,23/02/2017
274,BMW,650,74,62,20/02/2015,23/12/2012
275,Mercedes-Benz,C-Class,8,103,29/10/2016,25/08/2014
276,Acura,NSX,62,564,06/11/2014,11/02/2013
277,Dodge,D150,71,883,29/07/2015,18/05/2015
278,Suzuki,Aerio,55,466,13/06/2016,21/09/2016
279,Mercedes-Benz,G-Class,44,814,06/10/2011,22/01/2016
280,Dodge,Aries,16,837,23/08/2011,31/01/2014
281,Volkswagen,GTI,97,132,02/11/2013,02/09/2016
282,BMW,5 Series,42,752,08/03/2017,14/11/2015
283,Chevrolet,G-Series 2500,72,59,14/01/2014,23/02/2017
284,Chevrolet,Corvette,23,105,26/09/2015,31/03/2014
285,Mercury,Montego,21,804,01/02/2011,17/07/2013
286,Lincoln,Navigator,78,600,13/05/2016,05/01/2017
287,GMC,Canyon,8,552,04/10/2015,10/07/2017
288,Mercedes-Benz,SL-Class,89,833,13/10/2012,24/10/2015
289,Audi,90,83,504,02/04/2013,19/11/2017
290,Pontiac,Sunbird,83,331,04/07/2010,01/03/2016
291,Nissan,Pathfinder,66,226,17/10/2013,06/08/2015
292,Ford,Bronco,8,721,10/10/2012,06/08/2011
293,Mazda,Familia,14,111,20/08/2016,09/04/2013
294,Jeep,Cherokee,25,329,06/12/2010,21/09/2014
295,Dodge,Grand Caravan,10,845,16/11/2010,06/06/2012
296,Dodge,Ram Wagon B150,52,416,03/11/2012,29/05/2012
297,Kia,Rio,77,508,06/07/2016,15/05/2014
298,Subaru,Legacy,58,386,01/04/2016,03/02/2015
299,Audi,TT,79,275,12/04/2010,11/10/2011
300,Jeep,Grand Cherokee,55,401,10/06/2012,18/11/2011
301,Mercedes-Benz,300D,78,285,08/10/2011,10/03/2014
302,Chrysler,Town & Country,64,663,27/08/2010,26/11/2013
303,Buick,LeSabre,82,438,04/08/2016,21/05/2011
304,Ferrari,F430,40,275,02/07/2013,22/04/2012
305,Acura,ZDX,43,608,25/11/2013,14/10/2012
306,Ford,Ranger,77,828,30/04/2011,29/06/2011
307,Mercedes-Benz,CLK-Class,16,20,10/09/2010,18/03/2014
308,Mercury,Topaz,64,73,24/03/2014,18/02/2016
309,Mitsubishi,Galant,43,910,18/10/2013,25/03/2012
310,Ford,Mustang,80,989,26/08/2011,08/03/2018
311,Dodge,Caravan,12,371,12/12/2014,10/11/2017
312,Volvo,960,24,285,04/05/2015,23/05/2017
313,Cadillac,Eldorado,95,653,10/04/2010,01/12/2016
314,Ford,Escape,95,160,15/02/2016,20/10/2012
315,Dodge,Stratus,92,258,26/09/2012,09/02/2012
316,Volvo,V40,39,761,19/05/2012,24/05/2012
317,Chevrolet,Camaro,32,625,24/01/2017,27/05/2012
318,Lexus,SC,6,283,25/04/2015,12/05/2013
319,Volkswagen,Jetta,23,116,18/10/2010,30/10/2014
320,Chrysler,Town & Country,5,181,30/04/2012,18/09/2013
321,Mazda,Mazda3,69,156,08/07/2015,27/01/2013
322,BMW,6 Series,62,496,26/04/2016,25/12/2017
323,Infiniti,M,8,491,20/07/2010,19/05/2017
324,Pontiac,Fiero,79,919,05/06/2010,27/03/2018
325,Pontiac,Grand Am,57,195,26/03/2015,06/02/2014
326,Toyota,Land Cruiser,95,552,28/06/2015,26/07/2014
327,Jeep,Wrangler,35,245,17/11/2012,04/05/2012
328,Hummer,H2,40,943,29/12/2016,31/10/2015
329,Mercury,Villager,86,555,19/03/2011,31/08/2014
330,Buick,Coachbuilder,95,168,26/05/2016,12/09/2012
331,Mercedes-Benz,E-Class,71,828,28/09/2014,05/01/2012
332,Mercedes-Benz,SL-Class,79,748,24/03/2017,13/05/2011
333,Mitsubishi,Montero,33,347,17/10/2011,24/12/2016
334,Pontiac,Grand Prix,47,305,26/10/2010,31/01/2013
335,Ford,Ranger,22,627,30/06/2012,26/05/2011
336,Chevrolet,Avalanche,64,719,14/07/2011,04/12/2012
337,GMC,Yukon XL 1500,85,515,17/05/2012,22/09/2012
338,Mercury,Mystique,13,834,19/10/2015,31/05/2015
339,Dodge,Ram 2500,96,30,22/03/2016,17/08/2014
340,Honda,Accord,51,667,03/01/2012,26/04/2016
341,Lexus,RX,84,878,01/11/2010,24/04/2015
342,Mercedes-Benz,G-Class,12,521,24/09/2015,03/05/2016
343,Suzuki,Equator,72,763,06/09/2013,20/08/2015
344,Ford,Taurus,43,44,22/09/2010,22/10/2012
345,Toyota,Previa,72,163,16/04/2014,18/10/2014
346,Lotus,Esprit,39,979,19/02/2014,09/10/2012
347,Chrysler,Town & Country,21,376,07/12/2015,15/12/2017
348,Kia,Optima,92,822,11/12/2013,08/09/2016
349,Toyota,RAV4,7,680,28/07/2015,10/07/2017
350,Cadillac,SRX,10,864,25/05/2016,19/03/2017
351,Lincoln,Navigator L,27,205,16/05/2011,16/10/2016
352,Dodge,Dakota,97,957,03/06/2014,22/04/2012
353,Chevrolet,Sportvan G20,64,693,20/05/2016,08/03/2016
354,Ford,Crown Victoria,70,899,26/03/2014,04/02/2017
355,GMC,Safari,44,538,20/05/2011,25/07/2017
356,Honda,Civic GX,52,461,26/08/2010,22/01/2013
357,Mercury,Mystique,11,33,14/10/2011,23/02/2016
358,Hummer,H2,76,628,25/10/2011,24/12/2014
359,Chevrolet,Express 1500,67,393,23/11/2015,13/06/2017
360,Volkswagen,Passat,69,878,07/11/2015,27/05/2013
361,Lincoln,MKT,22,553,04/01/2013,05/03/2014
362,Maybach,62,82,907,03/03/2016,15/03/2014
363,BMW,530,86,330,28/05/2014,25/09/2016
364,Volkswagen,Jetta,82,585,21/09/2016,16/05/2011
365,Pontiac,Bonneville,68,725,10/08/2011,09/11/2015
366,BMW,6 Series,63,907,08/03/2012,01/05/2014
367,Volvo,960,100,675,16/05/2012,25/12/2012
368,Subaru,SVX,13,356,21/12/2015,02/09/2014
369,GMC,Sierra 2500,26,482,03/08/2013,22/07/2011
370,Chevrolet,Venture,39,154,01/01/2013,03/11/2012
371,BMW,330,45,857,07/06/2013,27/03/2013
372,Suzuki,Kizashi,32,531,22/02/2012,07/07/2015
373,Mitsubishi,Montero Sport,3,77,15/05/2010,28/07/2016
374,Ford,F-Series,55,345,07/01/2013,04/07/2016
375,Mercury,Grand Marquis,20,697,17/11/2010,21/02/2013
376,BMW,M3,69,743,28/04/2014,24/09/2013
377,Kia,Sportage,48,339,08/03/2011,26/05/2014
378,Ford,Expedition EL,15,385,22/07/2014,29/11/2013
379,Hyundai,Scoupe,85,649,10/05/2016,08/07/2013
380,Honda,Prelude,3,79,19/04/2011,04/06/2014
381,Ford,ZX2,28,543,24/09/2012,24/10/2011
382,Kia,Carens,45,172,11/06/2012,06/06/2013
383,BMW,M5,77,942,27/10/2012,28/10/2014
384,Hummer,H2,40,911,01/07/2016,16/10/2011
385,GMC,Sierra 2500,17,282,23/07/2015,20/10/2017
386,Volkswagen,Passat,91,130,10/07/2011,25/01/2018
387,Pontiac,Firefly,87,885,30/01/2012,04/04/2011
388,Rolls-Royce,Ghost,68,931,02/10/2012,23/03/2013
389,Bentley,Continental Flying Spur,57,694,17/07/2014,02/11/2015
390,Ford,E150,58,227,24/07/2013,27/09/2012
391,BMW,530,42,290,12/02/2017,21/11/2012
392,Nissan,Pathfinder,93,972,13/04/2010,27/11/2013
393,Ford,F350,41,378,03/10/2014,19/11/2014
394,Land Rover,Range Rover Sport,65,573,27/05/2013,20/09/2012
395,Suzuki,Kizashi,41,510,22/12/2016,25/12/2013
396,Volkswagen,Golf,38,300,05/02/2016,19/01/2013
397,Mitsubishi,Tredia,93,804,07/12/2015,20/02/2017
398,Chevrolet,Colorado,1,628,20/07/2016,29/06/2011
399,Toyota,Echo,58,938,08/09/2015,30/11/2011
400,Ford,Focus,95,930,15/02/2013,17/07/2011
401,GMC,Savana 3500,28,257,15/09/2013,12/03/2016
402,Chevrolet,Silverado,63,319,22/08/2013,25/05/2013
403,Saab,9000,52,860,19/05/2014,16/12/2017
404,Ford,F-Series Super Duty,3,31,20/04/2010,04/02/2017
405,Ford,Crown Victoria,28,866,12/12/2012,01/06/2011
406,Chevrolet,Blazer,35,834,09/05/2010,14/10/2014
407,Dodge,Dakota,74,558,17/10/2014,30/10/2012
408,Mazda,Familia,56,316,16/09/2012,26/04/2011
409,Mazda,Mazda2,7,681,14/09/2012,28/07/2015
410,Buick,Park Avenue,65,879,18/03/2014,31/10/2015
411,Lincoln,MKX,86,724,06/10/2016,24/04/2017
412,GMC,Savana 1500,19,513,27/07/2014,04/11/2011
413,Jeep,Liberty,99,180,26/10/2011,27/08/2012
414,Pontiac,Grand Prix,25,432,04/05/2014,24/12/2015
415,Mitsubishi,Outlander,35,844,09/11/2015,31/12/2014
416,Lotus,Elise,94,363,24/08/2012,29/03/2013
417,Cadillac,STS,7,730,28/11/2011,27/01/2012
418,Hyundai,Sonata,13,645,30/12/2012,13/10/2014
419,Audi,S8,65,722,07/08/2016,10/07/2015
420,Mercedes-Benz,GL-Class,94,41,04/06/2011,01/04/2011
421,Suzuki,Samurai,17,878,08/09/2010,25/11/2014
422,Mitsubishi,Truck,86,79,31/07/2012,15/12/2016
423,Chevrolet,Silverado 2500,89,200,05/09/2015,29/01/2015
424,Honda,Civic,86,737,07/12/2015,10/06/2017
425,Ford,Bronco II,82,393,24/04/2015,07/03/2017
426,GMC,Yukon XL 2500,36,977,08/10/2011,22/06/2012
427,Pontiac,Montana,88,955,17/11/2016,27/07/2011
428,Jeep,Liberty,50,901,19/01/2014,14/09/2015
429,Honda,Prelude,10,357,07/05/2014,20/08/2016
430,Mitsubishi,Truck,67,874,10/01/2016,03/09/2016
431,Saab,9000,62,915,04/08/2014,21/05/2015
432,Porsche,Cayenne,48,142,02/01/2016,12/07/2016
433,Audi,A4,30,799,12/01/2011,05/02/2014
434,Chevrolet,G-Series G10,5,858,07/09/2016,09/06/2015
435,Saturn,VUE,44,976,20/07/2014,02/06/2017
436,Maserati,GranTurismo,88,137,03/11/2015,15/06/2013
437,Honda,CR-V,100,327,05/03/2011,24/04/2013
438,Mercedes-Benz,SLK-Class,2,863,13/05/2014,31/07/2012
439,Dodge,Stratus,59,355,21/07/2015,11/07/2014
440,Mitsubishi,Lancer,38,265,21/04/2010,19/10/2017
441,Dodge,Ram Van 2500,38,115,05/10/2016,19/02/2015
442,BMW,7 Series,97,958,18/01/2017,30/05/2011
443,Suzuki,SJ,3,729,29/08/2011,22/05/2012
444,Toyota,TundraMax,100,217,01/06/2015,08/09/2011
445,Chevrolet,Corvette,56,340,08/06/2012,10/06/2012
446,Chevrolet,Blazer,11,213,25/05/2012,25/06/2012
447,Infiniti,G35,94,118,18/06/2015,02/04/2012
448,Oldsmobile,98,23,425,05/02/2014,28/04/2012
449,Lincoln,Navigator,22,125,28/11/2013,07/04/2011
450,Volkswagen,Passat,52,139,02/06/2011,14/10/2016
451,Honda,Element,28,286,24/09/2012,30/12/2015
452,Isuzu,Trooper,26,52,12/11/2014,11/01/2012
453,Plymouth,Colt,67,314,16/07/2014,31/03/2014
454,Mazda,MX-5,70,497,14/05/2012,03/08/2016
455,Chrysler,Crossfire,36,774,11/12/2012,03/08/2015
456,Hyundai,Accent,59,586,25/06/2014,30/05/2013
457,Ford,Escort,87,881,04/02/2014,20/07/2014
458,Volkswagen,Touareg 2,95,336,02/06/2012,12/01/2014
459,Nissan,370Z,2,100,19/04/2015,22/12/2017
460,MINI,Cooper,80,219,07/12/2016,16/09/2013
461,Infiniti,Q,20,217,14/11/2011,05/08/2016
462,Toyota,Tercel,7,816,22/03/2016,18/04/2015
463,Infiniti,IPL G,8,670,25/06/2010,17/10/2012
464,Dodge,Charger,35,707,29/04/2012,29/04/2016
465,Kia,Sorento,25,859,10/11/2013,13/01/2014
466,Nissan,Frontier,72,724,23/05/2015,22/12/2012
467,Volvo,V90,44,38,28/02/2015,03/01/2016
468,Chevrolet,Express 2500,76,365,31/12/2013,12/09/2012
469,Ford,F350,21,162,28/04/2013,22/12/2016
470,Hyundai,Santa Fe,95,665,17/03/2016,19/10/2013
471,Mercedes-Benz,300SE,17,689,01/08/2016,19/11/2011
472,BMW,X5 M,55,133,11/10/2011,16/11/2016
473,Dodge,Durango,15,858,20/01/2013,11/12/2014
474,Isuzu,Rodeo,78,549,18/07/2011,12/02/2017
475,BMW,3 Series,23,747,28/09/2010,06/05/2015
476,Audi,R8,88,236,12/06/2011,18/11/2015
477,Chevrolet,Suburban 2500,32,733,27/11/2013,04/09/2016
478,Mazda,Miata MX-5,32,599,18/10/2013,22/02/2015
479,Nissan,Sentra,11,701,05/04/2011,06/09/2017
480,Hyundai,Santa Fe,53,216,18/02/2011,11/12/2012
481,BMW,525,82,318,30/03/2013,25/04/2016
482,Ford,Bronco,72,817,09/12/2016,27/05/2017
483,Ford,Windstar,24,414,04/12/2015,17/02/2018
484,Saab,900,33,777,13/02/2013,21/09/2017
485,Mazda,B-Series,78,908,11/07/2016,26/02/2013
486,Kia,Sorento,21,722,10/04/2014,15/04/2016
487,Mitsubishi,Montero,1,209,26/11/2011,24/03/2016
488,Toyota,Matrix,18,536,18/03/2014,25/01/2014
489,Pontiac,Aztek,54,79,07/04/2010,08/10/2017
490,GMC,2500 Club Coupe,23,103,08/08/2012,03/12/2013
491,GMC,Savana 3500,71,542,24/08/2015,29/02/2012
492,Dodge,Intrepid,8,10,24/05/2016,08/06/2014
493,Chrysler,PT Cruiser,80,608,17/04/2015,14/08/2012
494,Volkswagen,Touareg,43,336,30/09/2014,01/02/2018
495,BMW,745,50,622,24/12/2015,25/07/2016
496,Toyota,Echo,46,349,12/06/2013,14/05/2013
497,Aston Martin,DB9,43,931,22/05/2010,21/07/2017
498,Chrysler,Fifth Ave,29,518,31/03/2013,15/04/2017
499,Buick,Regal,35,82,14/08/2015,04/09/2015
500,Lexus,LS,20,235,30/04/2011,08/05/2012
501,Nissan,Maxima,27,392,22/04/2013,20/11/2013
502,Infiniti,QX,41,637,19/06/2013,31/12/2016
503,GMC,Jimmy,91,468,29/07/2010,08/08/2011
504,Ford,F250,41,457,01/11/2013,08/08/2014
505,Mitsubishi,Galant,84,879,16/07/2011,24/08/2016
506,Mercury,Tracer,51,41,22/07/2010,09/05/2017
507,Volvo,XC90,71,82,11/04/2014,15/04/2011
508,Toyota,Land Cruiser,29,727,09/10/2012,27/03/2015
509,Mercury,Grand Marquis,68,903,17/04/2010,01/03/2014
510,GMC,Suburban 1500,46,466,13/04/2010,15/08/2013
511,Volkswagen,GTI,89,91,25/02/2015,23/03/2014
512,Ford,Taurus,72,613,26/10/2010,10/06/2016
513,Kia,Rio,88,762,07/03/2012,24/10/2012
514,Chevrolet,S10,35,525,11/08/2010,07/08/2016
515,GMC,Vandura 3500,63,781,04/01/2016,05/10/2013
516,Mercedes-Benz,SLK-Class,18,524,11/01/2013,22/04/2013
517,Lincoln,Navigator L,23,181,26/10/2011,24/04/2016
518,Isuzu,Amigo,94,80,13/07/2016,07/01/2014
519,Hyundai,XG350,16,387,29/09/2011,09/06/2012
520,Pontiac,G5,100,412,02/06/2012,14/03/2016
521,Hyundai,Santa Fe,21,111,08/09/2014,15/05/2011
522,Audi,S4,73,256,01/08/2013,05/08/2012
523,GMC,Savana 1500,40,988,24/08/2011,09/05/2016
524,Volkswagen,Passat,7,465,05/10/2014,29/08/2013
525,Mazda,323,62,806,25/10/2015,23/05/2015
526,Lincoln,MKX,94,655,09/08/2013,17/01/2016
527,Kia,Sorento,36,349,09/06/2010,14/05/2014
528,Oldsmobile,Bravada,98,637,03/11/2013,26/02/2012
529,Chevrolet,Corvette,95,917,07/04/2014,08/04/2014
530,Chevrolet,Monte Carlo,32,489,03/09/2010,06/09/2011
531,Isuzu,Trooper,94,706,30/04/2016,08/11/2016
532,Pontiac,Grand Prix,59,961,30/10/2013,30/01/2013
533,Mercury,Sable,61,783,21/11/2011,06/10/2013
534,Ford,E-Series,19,747,05/07/2012,25/05/2013
535,Ford,Escort ZX2,32,785,06/02/2014,18/04/2015
536,BMW,M3,68,677,27/02/2017,24/03/2013
537,Infiniti,G37,91,554,25/01/2015,16/08/2015
538,Toyota,RAV4,9,891,22/06/2010,28/11/2015
539,Nissan,Frontier,58,669,03/05/2016,19/08/2017
540,Mercedes-Benz,C-Class,82,116,21/04/2013,26/09/2014
541,Lexus,LS,2,864,23/02/2013,23/10/2011
542,Bentley,Continental Super,72,587,27/08/2016,21/11/2013
543,Mazda,CX-5,21,955,21/11/2016,06/12/2013
544,Mazda,Miata MX-5,100,172,26/07/2012,09/07/2012
545,Ford,Econoline E150,87,483,22/05/2015,10/11/2012
546,Plymouth,Laser,38,630,07/07/2015,22/05/2017
547,Land Rover,Freelander,5,700,21/06/2016,07/07/2011
548,Buick,Lucerne,13,105,05/08/2011,15/12/2012
549,Audi,A5,77,542,25/06/2013,13/02/2014
550,Porsche,911,70,656,25/06/2010,13/11/2017
551,Ford,F250,26,257,09/05/2016,25/03/2018
552,Kia,Sephia,100,106,10/09/2011,04/03/2014
553,Lexus,RX,53,761,25/04/2016,12/04/2013
554,Dodge,Neon,46,894,19/11/2012,18/12/2014
555,Hyundai,Genesis Coupe,95,998,05/10/2015,27/01/2014
556,Volkswagen,Jetta,100,477,14/01/2015,21/04/2013
557,Lincoln,Mark LT,12,499,28/06/2016,21/09/2011
558,Porsche,911,75,336,22/09/2012,24/04/2015
559,Mercury,Topaz,28,157,09/12/2016,27/03/2015
560,Kia,Mohave/Borrego,48,130,06/11/2013,24/03/2015
561,Subaru,Impreza,30,946,25/06/2015,01/08/2015
562,Honda,Passport,81,899,18/04/2013,27/10/2016
563,Lincoln,Mark VIII,90,705,20/09/2011,19/07/2014
564,Ford,Ranger,67,829,22/11/2015,21/08/2011
565,Ford,F-250 Super Duty,84,787,06/12/2013,04/04/2014
566,Volvo,S80,10,61,14/09/2013,14/06/2014
567,Ford,Thunderbird,28,938,14/02/2017,11/10/2016
568,Chevrolet,Silverado 1500,97,964,28/12/2015,21/10/2013
569,Chevrolet,Astro,77,442,27/01/2013,28/10/2013
570,Saturn,VUE,26,350,06/09/2011,23/03/2017
571,Toyota,Truck Xtracab SR5,92,826,09/11/2010,22/06/2011
572,Toyota,Tundra,22,206,27/09/2015,07/04/2013
573,Volkswagen,Touareg 2,19,922,19/03/2016,12/06/2016
574,Mitsubishi,Endeavor,99,552,12/01/2011,16/08/2013
575,Suzuki,Sidekick,68,752,13/07/2016,08/08/2012
576,Bentley,Continental,85,814,02/08/2014,02/08/2013
577,Ford,Laser,40,414,15/06/2015,07/01/2017
578,Chevrolet,G-Series G20,66,402,31/12/2013,16/05/2017
579,Honda,Civic,30,73,12/01/2012,24/10/2011
580,Bentley,Mulsanne,63,296,25/02/2014,27/09/2014
581,Cadillac,DeVille,1,473,13/01/2012,05/10/2015
582,Buick,Skylark,9,169,20/07/2012,12/06/2014
583,Lotus,Esprit,71,373,13/09/2015,18/02/2013
584,GMC,Sierra 2500,99,334,28/11/2016,18/11/2014
585,Subaru,SVX,58,756,10/10/2013,13/04/2014
586,Lamborghini,Murci√©lago,61,782,28/10/2012,15/03/2018
587,Porsche,Boxster,30,702,11/03/2012,25/04/2015
588,GMC,Jimmy,56,777,05/12/2013,22/10/2017
589,GMC,Savana 3500,95,760,02/07/2015,30/06/2012
590,Mazda,CX-9,19,531,11/08/2015,29/01/2015
591,Lexus,LS,43,131,20/06/2014,29/01/2015
592,Isuzu,i-280,69,520,18/04/2010,05/04/2014
593,Mazda,Protege,42,625,11/01/2014,28/08/2015
594,GMC,Suburban 1500,33,193,08/02/2016,26/11/2012
595,Mitsubishi,Mighty Max Macro,96,561,02/04/2014,23/08/2014
596,BMW,7 Series,93,530,28/02/2012,15/04/2015
597,Chevrolet,Silverado 3500,82,51,25/02/2016,12/01/2015
598,Mazda,Miata MX-5,52,456,25/07/2011,19/03/2018
599,Volkswagen,Golf,45,763,02/01/2016,22/08/2017
600,Toyota,T100 Xtra,67,981,30/06/2016,14/09/2013
601,Toyota,Celica,21,687,24/04/2011,16/10/2017
602,Chrysler,Grand Voyager,51,440,18/06/2015,22/12/2015
603,Ford,Bronco,68,145,01/01/2012,28/10/2011
604,Kia,Spectra,12,720,11/09/2016,22/11/2012
605,Acura,RL,70,378,15/02/2011,23/05/2017
606,Infiniti,G,13,985,29/06/2012,04/03/2015
607,Suzuki,Grand Vitara,64,495,22/02/2017,24/11/2013
608,Buick,Skyhawk,52,323,19/12/2010,21/04/2015
609,Volvo,S60,27,421,13/01/2014,09/11/2015
610,Hyundai,Sonata,67,601,30/03/2014,22/03/2014
611,Subaru,Impreza,100,955,07/12/2010,03/10/2015
612,Saab,9-3,67,418,30/07/2011,08/05/2017
613,Maserati,Coupe,94,886,02/12/2013,17/11/2015
614,Mitsubishi,Truck,83,14,20/03/2014,21/12/2014
615,Ford,GT,11,189,01/11/2014,06/06/2014
616,Ford,Tempo,47,578,05/11/2015,13/07/2011
617,Chevrolet,Monte Carlo,23,130,02/10/2012,10/10/2016
618,Chrysler,200,42,372,06/08/2011,05/10/2011
619,Pontiac,Firebird,64,524,03/11/2013,16/11/2016
620,Mazda,B-Series,76,618,11/02/2017,31/01/2018
621,GMC,Savana 2500,86,328,18/10/2013,22/01/2014
622,BMW,M3,49,475,03/10/2015,04/02/2016
623,Chevrolet,Suburban,39,71,17/04/2011,10/08/2014
624,Buick,Century,19,463,14/11/2010,29/05/2011
625,Nissan,240SX,58,692,08/04/2016,11/08/2013
626,Dodge,Nitro,37,11,13/04/2010,04/04/2015
627,Ferrari,458 Italia,17,861,03/08/2014,22/04/2013
628,Maybach,Landaulet,83,4,28/12/2014,01/02/2012
629,Geo,Prizm,12,426,27/10/2013,26/07/2012
630,Dodge,Caliber,9,607,10/12/2010,29/05/2011
631,Chevrolet,Malibu,5,805,29/10/2010,14/10/2013
632,Jaguar,XJ Series,1,606,08/04/2013,20/12/2013
633,Buick,Skylark,93,804,06/03/2012,12/03/2014
634,Lexus,IS,94,154,17/05/2015,26/12/2016
635,Ford,Thunderbird,22,412,11/02/2014,08/07/2015
636,Mitsubishi,Lancer,32,681,03/07/2012,17/03/2017
637,Tesla,Roadster,76,606,10/06/2016,12/07/2011
638,Nissan,Maxima,1,648,06/08/2010,31/01/2014
639,Mitsubishi,Pajero,69,71,07/04/2013,29/05/2012
640,GMC,Rally Wagon G3500,4,518,22/09/2013,17/12/2015
641,Acura,CL,31,870,01/02/2016,14/11/2014
642,Infiniti,Q,91,52,28/09/2016,17/10/2011
643,Maserati,GranSport,91,445,12/12/2013,31/10/2013
644,Dodge,Neon,64,2,28/02/2014,10/11/2012
645,Cadillac,Escalade,33,590,06/08/2012,16/04/2016
646,Oldsmobile,98,32,527,11/02/2016,26/01/2013
647,Aston Martin,DBS,55,150,14/10/2013,27/06/2012
648,Dodge,Viper,28,83,22/12/2014,25/12/2017
649,Mercury,Villager,2,448,27/06/2011,13/06/2011
650,Infiniti,J,78,490,31/05/2016,27/11/2012
651,Daewoo,Leganza,45,423,08/06/2012,04/11/2017
652,Plymouth,Prowler,50,8,16/12/2015,08/07/2015
653,GMC,Sierra 1500,34,338,07/04/2010,04/08/2014
654,Ford,Mustang,49,411,21/02/2013,20/05/2016
655,Mercury,Lynx,66,668,16/08/2011,21/11/2017
656,Pontiac,Sunbird,36,564,07/02/2016,25/03/2012
657,Acura,ZDX,54,140,24/12/2016,09/10/2011
658,Lexus,ES,16,652,11/07/2012,26/02/2013
659,Hyundai,Veloster,61,468,19/12/2011,16/01/2016
660,Ford,E350,54,203,14/04/2010,20/09/2017
661,Chrysler,Sebring,70,535,16/03/2017,24/03/2017
662,Audi,A8,29,614,13/06/2011,15/06/2014
663,Saturn,S-Series,90,505,25/01/2017,08/02/2016
664,Mitsubishi,Challenger,22,350,16/07/2013,02/12/2014
665,Chevrolet,Camaro,29,878,25/05/2011,07/09/2016
666,GMC,Yukon XL 2500,19,10,25/11/2016,12/05/2015
667,Mazda,MX-5,61,715,08/05/2014,31/03/2013
668,Dodge,Caravan,94,104,22/07/2016,24/10/2014
669,Nissan,Maxima,25,470,26/12/2012,16/03/2014
670,Dodge,Intrepid,81,408,31/05/2010,09/11/2011
671,Volvo,V70,38,111,23/04/2013,13/10/2017
672,Lotus,Elise,5,354,24/07/2015,08/05/2014
673,Pontiac,GTO,44,273,30/07/2014,30/05/2017
674,BMW,Z4 M,79,968,31/12/2012,17/02/2018
675,GMC,Suburban 2500,48,88,09/10/2011,22/12/2015
676,Pontiac,Sunbird,22,188,01/12/2013,22/10/2012
677,Aston Martin,Vantage,80,951,06/10/2014,14/12/2014
678,GMC,Safari,16,104,07/03/2011,02/12/2014
679,Cadillac,XLR-V,48,741,08/08/2013,22/10/2014
680,Mitsubishi,RVR,82,665,23/06/2011,29/11/2013
681,Acura,MDX,74,247,17/05/2010,11/04/2017
682,Maserati,Quattroporte,71,340,14/03/2016,03/07/2017
683,Pontiac,Grand Prix,10,542,09/11/2010,11/02/2012
684,Mercedes-Benz,G-Class,60,395,23/07/2014,07/08/2011
685,Lincoln,Mark VIII,74,695,10/09/2010,03/01/2014
686,Aston Martin,DB9,59,449,03/10/2010,27/03/2016
687,Audi,S4,31,971,15/08/2015,30/01/2014
688,Dodge,Durango,76,767,12/01/2017,27/06/2017
689,Acura,NSX,17,483,03/09/2016,20/05/2017
690,Jaguar,XJ Series,87,48,19/05/2013,28/09/2014
691,Toyota,Supra,89,796,26/05/2013,01/09/2012
692,BMW,530,51,44,15/11/2016,16/07/2014
693,GMC,Savana 2500,18,463,02/08/2012,06/06/2017
694,Ford,Expedition EL,100,511,15/02/2015,07/04/2014
695,Toyota,Camry,100,150,20/12/2014,19/05/2016
696,Ford,Aerostar,72,16,21/01/2015,05/02/2015
697,Toyota,Solara,86,362,10/01/2013,11/11/2015
698,Ford,Windstar,88,870,11/01/2016,17/07/2014
699,Pontiac,Trans Sport,92,287,24/12/2010,23/06/2011
700,Mitsubishi,Truck,84,73,06/11/2016,10/03/2018
701,Ford,Taurus,31,961,09/07/2014,25/04/2017
702,Hyundai,Elantra,79,71,14/03/2016,09/02/2013
703,Mazda,GLC,44,531,12/04/2010,24/10/2017
704,Volkswagen,Type 2,17,217,19/07/2015,27/05/2014
705,BMW,3 Series,63,1,02/12/2016,24/04/2017
706,Ford,LTD,77,652,07/05/2010,12/11/2011
707,Geo,Metro,65,789,07/06/2014,07/08/2012
708,Toyota,Tacoma Xtra,42,907,21/09/2016,13/12/2012
709,Isuzu,Trooper,82,778,20/06/2011,05/09/2012
710,Chevrolet,Suburban 2500,5,238,24/03/2014,08/04/2013
711,Maserati,Spyder,8,235,22/06/2014,05/06/2016
712,Infiniti,G35,46,331,29/07/2012,13/09/2015
713,Chrysler,Cirrus,10,787,23/07/2013,25/02/2013
714,Mazda,626,6,429,10/11/2015,01/06/2011
715,Dodge,Shadow,20,992,08/08/2012,13/12/2016
716,Lexus,LX,82,69,04/03/2016,14/03/2017
717,BMW,8 Series,66,54,26/02/2015,24/11/2012
718,GMC,Savana 3500,63,322,22/12/2016,19/03/2012
719,Dodge,Ram Van 2500,33,599,21/09/2013,14/05/2012
720,Toyota,Highlander,89,881,28/05/2014,11/08/2013
721,Chevrolet,Corvette,69,957,18/04/2011,13/08/2014
722,Mitsubishi,GTO,2,695,23/02/2013,07/07/2016
723,Ford,F250,45,72,09/02/2012,08/03/2014
724,Mitsubishi,Outlander Sport,25,383,04/12/2010,10/07/2012
725,Dodge,Ram 3500,40,249,06/09/2012,31/07/2016
726,BMW,M6,9,691,04/02/2013,07/08/2015
727,Subaru,Loyale,7,71,25/02/2013,31/12/2011
728,GMC,Yukon XL 2500,55,795,25/08/2012,26/09/2016
729,Volkswagen,Cabriolet,37,43,05/10/2011,24/03/2016
730,Lexus,RX Hybrid,57,745,16/04/2014,23/09/2012
731,Mazda,RX-7,12,715,15/05/2011,05/07/2011
732,BMW,745,53,714,30/04/2011,26/03/2016
733,Land Rover,Range Rover,88,717,20/06/2013,24/04/2017
734,Volvo,C70,99,621,19/12/2016,12/03/2014
735,GMC,1500 Club Coupe,70,403,11/05/2015,14/05/2017
736,Mazda,Miata MX-5,68,710,22/01/2016,19/10/2015
737,Mazda,MX-5,42,270,31/07/2012,07/10/2015
738,Kia,Optima,90,871,23/04/2014,04/02/2015
739,Geo,Prizm,50,68,03/11/2013,17/06/2012
740,Dodge,Avenger,82,890,17/07/2012,29/01/2015
741,Toyota,FJ Cruiser,38,349,08/10/2016,09/08/2011
742,Corbin,Sparrow,36,26,20/12/2015,01/05/2013
743,Mercedes-Benz,W201,82,302,13/08/2012,20/05/2016
744,Infiniti,Q,65,785,29/11/2014,01/07/2015
745,Ford,Focus,93,12,31/10/2010,26/03/2014
746,Mercury,Grand Marquis,84,178,03/02/2017,29/10/2012
747,Volvo,C30,99,814,08/04/2010,15/07/2012
748,Volvo,S80,86,525,01/09/2014,19/03/2017
749,Mazda,Tribute,74,841,26/09/2010,21/08/2014
750,Chevrolet,Silverado,75,281,17/02/2013,21/02/2014
751,Ford,Festiva,86,585,14/07/2016,05/10/2013
752,GMC,Yukon XL 1500,42,272,21/09/2013,02/04/2011
753,Ford,Mustang,77,914,24/05/2010,04/12/2012
754,Subaru,Legacy,10,288,06/08/2014,08/07/2011
755,Ford,Aerostar,37,883,15/07/2012,15/08/2011
756,Dodge,Ram 2500,43,964,15/03/2012,25/12/2013
757,Acura,CL,38,627,13/10/2012,18/06/2013
758,Buick,Electra,91,173,16/11/2014,17/04/2017
759,Pontiac,LeMans,22,63,22/12/2014,01/11/2011
760,Mitsubishi,Expo LRV,8,957,19/08/2016,08/02/2017
761,Ford,Crown Victoria,1,3,29/03/2015,11/10/2011
762,Subaru,Forester,40,565,13/12/2016,29/08/2014
763,Cadillac,Escalade,23,328,29/05/2011,08/07/2012
764,BMW,3 Series,33,17,11/04/2016,08/08/2015
765,Chrysler,Sebring,42,84,10/04/2010,20/03/2014
766,Plymouth,Neon,42,986,07/05/2013,07/12/2014
767,Bentley,Continental Flying Spur,6,106,22/11/2013,14/10/2015
768,Mitsubishi,Mirage,90,414,20/03/2017,14/10/2017
769,Mitsubishi,Eclipse,100,383,24/08/2012,07/08/2013
770,Mazda,MPV,59,645,02/04/2010,15/01/2012
771,Toyota,Prius c,56,708,19/01/2017,28/07/2013
772,Infiniti,QX,13,247,18/11/2016,15/09/2015
773,GMC,Jimmy,31,283,28/04/2012,30/05/2015
774,Mercury,Monterey,64,857,08/07/2013,02/02/2015
775,Plymouth,Breeze,83,314,06/10/2014,22/08/2017
776,Dodge,Grand Caravan,43,976,15/01/2015,24/07/2017
777,Audi,RS4,49,851,02/02/2013,04/01/2018
778,Dodge,Nitro,36,386,24/10/2014,22/12/2016
779,Volkswagen,GTI,90,681,20/05/2014,31/08/2015
780,McLaren,MP4-12C,58,456,08/01/2015,09/08/2016
781,Lincoln,Navigator L,47,910,04/10/2010,30/01/2015
782,Volkswagen,Eurovan,31,142,14/07/2015,28/11/2016
783,Mercedes-Benz,CLS-Class,27,77,14/09/2016,17/09/2011
784,Chevrolet,Tracker,45,29,21/07/2016,21/01/2018
785,Volkswagen,rio,76,456,18/04/2015,16/08/2011
786,Lotus,Exige,90,434,18/08/2012,16/11/2011
787,Mazda,Familia,17,402,15/04/2012,30/09/2017
788,Audi,200,7,557,15/11/2015,12/08/2013
789,Ford,Crown Victoria,46,841,19/12/2012,13/11/2016
790,Mercury,Monterey,67,915,31/05/2014,15/03/2015
791,Suzuki,Swift,79,227,29/05/2015,04/01/2013
792,Chevrolet,Tahoe,95,857,27/08/2016,23/09/2017
793,Geo,Tracker,29,770,14/12/2011,09/02/2017
794,Chrysler,LeBaron,28,225,15/02/2017,03/08/2016
795,Ford,Escort ZX2,76,825,16/03/2012,01/07/2014
796,Nissan,Pathfinder,81,606,26/10/2014,13/06/2015
797,GMC,Safari,13,936,22/06/2011,01/06/2017
798,Hummer,H3,16,15,12/05/2011,04/02/2018
799,Subaru,Legacy,32,6,14/06/2012,01/05/2011
800,Nissan,Altima,77,576,23/12/2014,06/08/2016
801,Mitsubishi,Lancer,44,998,21/07/2015,25/01/2014
802,GMC,Envoy XUV,83,599,31/10/2013,17/07/2011
803,Porsche,Cayman,97,224,15/01/2011,20/08/2015
804,Kia,Sorento,71,244,15/06/2010,04/10/2013
805,Nissan,Frontier,41,287,21/09/2014,21/04/2015
806,Geo,Tracker,13,493,30/09/2011,02/12/2015
807,Volkswagen,Passat,46,445,06/05/2012,20/12/2012
808,Ford,Expedition,92,751,09/07/2016,22/02/2012
809,Lexus,LS,2,831,28/04/2016,18/03/2012
810,GMC,Yukon,73,737,05/08/2015,19/12/2016
811,Buick,Enclave,100,155,13/08/2015,22/07/2014
812,Chevrolet,Monte Carlo,38,799,08/06/2010,16/04/2014
813,Chevrolet,G-Series 3500,84,335,26/04/2013,30/11/2011
814,Mercedes-Benz,S-Class,47,263,20/09/2014,12/07/2017
815,Hummer,H2,13,699,19/06/2014,25/10/2013
816,Chevrolet,Corvette,41,460,09/11/2015,09/08/2017
817,Mazda,Familia,53,59,28/04/2014,13/08/2015
818,Mitsubishi,Galant,7,932,15/05/2012,27/06/2014
819,Volvo,XC70,18,69,29/03/2014,24/01/2017
820,Toyota,Tundra,38,104,04/06/2010,31/12/2011
821,Porsche,911,32,822,04/08/2011,07/10/2014
822,Ford,Econoline E150,61,268,16/12/2010,19/11/2015
823,Honda,S2000,79,964,07/11/2011,01/10/2014
824,Infiniti,QX,94,567,05/10/2012,07/12/2016
825,Nissan,Maxima,83,293,21/06/2015,07/07/2015
826,Chevrolet,G-Series G30,54,101,18/04/2011,08/06/2011
827,Ford,Galaxie,56,79,30/03/2011,04/02/2017
828,Porsche,911,86,476,14/04/2014,04/11/2013
829,Hummer,H2 SUV,38,337,28/07/2015,20/07/2015
830,Ford,Laser,87,719,14/08/2013,24/05/2013
831,Lexus,IS-F,82,77,22/06/2010,29/03/2017
832,Toyota,Yaris,76,543,16/10/2014,25/02/2012
833,Audi,A5,27,484,10/04/2011,09/11/2016
834,Chrysler,200,61,925,12/04/2011,17/12/2017
835,Land Rover,Range Rover,23,376,11/09/2012,27/03/2017
836,Jeep,Liberty,94,195,30/08/2015,15/03/2014
837,Plymouth,Grand Voyager,91,919,26/02/2011,08/11/2014
838,Mitsubishi,Eclipse,52,821,20/11/2011,01/12/2011
839,Pontiac,Grand Am,38,750,07/08/2011,04/01/2017
840,Chevrolet,Express 1500,26,813,05/01/2017,26/02/2016
841,Mercedes-Benz,M-Class,59,11,26/09/2011,22/11/2017
842,Buick,Rainier,80,302,01/09/2010,09/12/2017
843,Ford,E350,94,79,31/08/2012,18/07/2017
844,Toyota,Venza,11,291,05/09/2010,28/08/2012
845,Acura,NSX,60,563,10/12/2011,31/03/2011
846,Subaru,Loyale,57,500,21/03/2015,13/10/2014
847,Dodge,Grand Caravan,38,357,09/10/2013,12/11/2015
848,Lexus,LS,15,111,16/04/2012,29/07/2011
849,Chevrolet,Silverado 3500,96,729,10/06/2010,01/04/2012
850,Mercury,Cougar,47,78,01/11/2013,10/01/2013
851,Toyota,Yaris,24,318,25/11/2014,04/04/2016
852,Toyota,MR2,65,925,24/07/2014,13/08/2016
853,Nissan,200SX,39,286,25/05/2011,03/11/2014
854,Chevrolet,Suburban 1500,89,87,31/10/2010,15/10/2013
855,Dodge,Durango,4,271,31/10/2010,20/08/2012
856,Ford,Excursion,46,941,03/01/2016,02/01/2013
857,Kia,Amanti,4,847,08/01/2015,11/10/2015
858,Mercury,Grand Marquis,97,435,25/12/2010,27/11/2013
859,Hyundai,Sonata,47,169,31/10/2013,13/04/2012
860,Chevrolet,Impala,85,327,04/09/2014,19/12/2014
861,Dodge,Avenger,78,315,07/01/2017,02/05/2014
862,Mercedes-Benz,G55 AMG,44,316,10/12/2010,15/08/2015
863,Toyota,Tundra,63,85,17/03/2012,21/01/2013
864,Honda,CR-V,91,623,03/07/2011,21/02/2014
865,Subaru,Forester,93,168,02/07/2010,27/11/2016
866,Audi,A8,81,988,20/01/2017,08/12/2011
867,Chrysler,Concorde,73,576,09/09/2010,17/11/2016
868,Dodge,Ram 1500,34,685,23/10/2013,13/01/2013
869,Mitsubishi,Galant,75,200,29/12/2010,10/09/2015
870,Pontiac,Sunfire,27,733,14/11/2011,13/05/2011
871,Chevrolet,Silverado 1500,93,707,16/07/2013,05/07/2015
872,Pontiac,Bonneville,40,467,20/02/2013,07/03/2017
873,Acura,NSX,24,683,25/07/2010,22/10/2016
874,Dodge,Ram 2500,60,872,29/07/2012,16/07/2012
875,Hyundai,Elantra,85,624,23/07/2010,09/08/2012
876,Maserati,GranTurismo,81,253,13/03/2011,06/08/2011
877,Chevrolet,Express,65,875,29/04/2012,20/08/2014
878,Lamborghini,Countach,87,925,21/10/2015,08/08/2011
879,Cadillac,XLR-V,3,460,05/01/2012,29/12/2013
880,Ford,E-Series,35,776,26/02/2016,28/08/2012
881,Hyundai,Tiburon,33,327,16/06/2013,24/08/2014
882,Audi,S4,29,242,26/02/2015,01/12/2016
883,Ford,Taurus,40,264,05/07/2010,01/12/2014
884,Buick,Roadmaster,86,893,05/03/2016,18/12/2012
885,Chrysler,LHS,29,343,15/12/2010,06/10/2017
886,Mercury,Topaz,84,69,30/06/2012,04/09/2016
887,Corbin,Sparrow,47,820,10/04/2013,14/10/2017
888,Chevrolet,Silverado 3500,86,449,31/05/2016,02/05/2015
889,Lexus,IS-F,90,295,03/09/2010,05/06/2011
890,GMC,Envoy,43,71,29/04/2013,02/10/2014
891,Ford,Excursion,2,3,18/12/2011,28/10/2014
892,Nissan,Titan,9,65,09/11/2012,29/10/2012
893,Audi,Coupe GT,13,666,21/01/2013,02/12/2015
894,Chevrolet,Express 1500,6,110,19/10/2014,19/08/2014
895,Mercedes-Benz,300SL,52,874,16/10/2015,24/08/2014
896,Ford,Ranger,41,749,26/02/2016,25/06/2015
897,Hyundai,Accent,48,429,11/07/2013,20/08/2015
898,Volkswagen,GTI,47,547,01/01/2014,03/03/2014
899,Suzuki,SX4,36,468,24/09/2011,25/03/2018
900,Volkswagen,Cabriolet,16,685,20/02/2013,17/07/2014
901,Mercury,Mariner,4,996,06/03/2016,02/06/2017
902,Mercury,Villager,70,54,10/11/2011,09/01/2014
903,Chrysler,Voyager,94,877,15/01/2013,01/10/2014
904,Dodge,Caravan,83,897,14/01/2013,26/10/2013
905,Honda,Accord,55,226,21/07/2011,06/11/2016
906,Volkswagen,Cabriolet,33,579,26/05/2012,08/06/2012
907,Ford,LTD Crown Victoria,1,735,14/08/2011,29/01/2016
908,Jeep,Wrangler,91,160,07/08/2010,13/01/2014
909,Saab,900,33,126,20/05/2014,21/09/2012
910,Kia,Sportage,69,423,26/03/2016,14/09/2017
911,Volkswagen,Golf,8,370,21/08/2012,25/01/2018
912,Ford,Mustang,59,759,12/04/2011,02/04/2016
913,Ford,E-350 Super Duty Van,15,219,19/02/2013,26/01/2018
914,Honda,Passport,40,751,01/10/2016,20/05/2012
915,Pontiac,Firebird,44,972,21/02/2014,12/07/2016
916,Dodge,Avenger,9,772,26/09/2012,30/05/2014
917,Mazda,Familia,67,242,21/11/2014,24/07/2012
918,Audi,TT,66,147,01/05/2016,26/06/2011
919,Chevrolet,Suburban 2500,13,978,14/09/2016,02/03/2016
920,Chevrolet,Caprice,33,657,29/07/2011,08/05/2016
921,Volkswagen,CC,4,665,15/02/2013,14/12/2015
922,Mercury,Cougar,11,755,05/12/2011,20/09/2016
923,Ford,Club Wagon,82,443,26/09/2013,12/06/2017
924,Hyundai,Accent,17,165,07/02/2016,01/02/2017
925,Ford,Crown Victoria,68,729,28/02/2013,01/08/2012
926,Dodge,Grand Caravan,4,127,27/10/2014,01/05/2015
927,Chevrolet,Express 3500,91,44,29/04/2016,17/04/2013
928,Pontiac,Grand Prix,91,350,04/04/2012,02/01/2015
929,BMW,M5,70,970,06/12/2012,27/06/2013
930,Mercury,Mountaineer,91,121,10/05/2015,21/12/2012
931,Hyundai,Sonata,89,306,13/06/2016,01/07/2016
932,Chevrolet,Suburban 2500,58,360,18/07/2010,21/09/2014
933,Mercedes-Benz,R-Class,79,983,05/02/2011,08/01/2014
934,Mercedes-Benz,300TE,49,998,28/01/2012,20/07/2012
935,Oldsmobile,Silhouette,56,236,07/12/2016,03/10/2014
936,Audi,Q5,4,451,23/02/2014,16/08/2016
937,GMC,Yukon,4,240,05/11/2011,15/04/2016
938,Jaguar,XK Series,1,613,26/08/2012,21/07/2015
939,GMC,Yukon,37,582,18/05/2013,31/10/2014
940,Mazda,MX-6,9,954,26/04/2014,03/08/2014
941,Chrysler,PT Cruiser,64,824,27/09/2013,28/01/2014
942,Dodge,Grand Caravan,9,791,24/01/2011,24/04/2017
943,Maybach,Landaulet,21,356,21/04/2010,01/01/2018
944,Pontiac,Gemini,77,709,30/10/2010,29/04/2017
945,BMW,5 Series,92,247,03/02/2014,11/11/2017
946,Suzuki,Swift,63,451,08/12/2014,09/03/2017
947,Mitsubishi,Lancer,50,113,07/09/2014,26/04/2013
948,Dodge,Charger,80,661,09/07/2014,25/04/2016
949,Jeep,Patriot,66,901,02/02/2015,11/08/2016
950,BMW,Z8,24,599,05/09/2011,09/09/2016
951,Chrysler,Town & Country,40,771,08/11/2016,11/09/2017
952,Pontiac,Grand Prix,92,599,07/03/2014,18/08/2013
953,Chevrolet,Citation,3,352,23/03/2015,20/10/2013
954,Dodge,Challenger,50,21,25/02/2017,17/05/2012
955,Mitsubishi,Galant,86,527,22/05/2015,06/05/2013
956,Chevrolet,Express 1500,36,556,19/08/2013,12/01/2018
957,Chevrolet,Express 3500,88,878,27/11/2014,13/01/2017
958,Kia,Spectra,61,920,09/01/2014,02/08/2014
959,GMC,2500,71,572,20/03/2016,09/12/2015
960,Chrysler,PT Cruiser,48,312,12/07/2016,24/05/2011
961,Honda,Ridgeline,26,554,24/09/2016,04/06/2011
962,Ford,Focus,47,100,08/12/2016,21/11/2011
963,Mitsubishi,Galant,28,224,22/03/2015,21/10/2017
964,Volvo,C70,52,403,28/04/2010,25/09/2015
965,Buick,Reatta,55,643,24/07/2013,08/10/2011
966,BMW,M3,47,342,21/02/2015,01/08/2012
967,Volkswagen,Jetta,87,510,21/01/2015,04/03/2018
968,Plymouth,Grand Voyager,95,616,15/03/2013,02/05/2016
969,BMW,1 Series,6,892,28/10/2014,14/11/2015
970,Ford,Thunderbird,66,938,30/11/2016,13/01/2013
971,Jeep,Wrangler,19,514,03/02/2013,28/12/2016
972,Volkswagen,Eos,51,157,22/12/2016,22/05/2012
973,Mitsubishi,Endeavor,64,363,30/11/2012,12/07/2014
974,Honda,CR-V,97,745,30/06/2010,24/11/2014
975,Panoz,Esperante,87,186,31/10/2013,19/12/2014
976,Chevrolet,Suburban 1500,66,690,02/03/2017,13/08/2013
977,Mazda,626,12,365,14/10/2016,28/04/2015
978,Audi,S4,79,896,11/12/2011,03/10/2012
979,Saturn,L-Series,21,140,21/09/2014,10/10/2011
980,Ford,Explorer Sport Trac,77,865,15/03/2016,27/12/2011
981,BMW,Z8,70,164,22/10/2016,24/05/2014
982,Eagle,Talon,43,694,17/12/2016,20/10/2014
983,Volkswagen,Eurovan,42,368,01/08/2011,09/03/2018
984,Kia,Sedona,51,434,16/06/2010,31/12/2013
985,Land Rover,Range Rover,74,170,08/08/2016,31/10/2013
986,Mitsubishi,Diamante,61,508,02/11/2012,06/11/2011
987,Acura,RL,50,919,22/06/2013,08/06/2014
988,Kia,Rio,5,627,23/05/2011,19/09/2011
989,Toyota,Prius,80,816,15/03/2016,01/11/2012
990,GMC,Savana 3500,96,942,20/12/2010,30/11/2016
991,BMW,5 Series,66,815,02/08/2013,11/05/2015
992,Audi,90,36,806,27/03/2013,16/03/2014
993,Saab,9000,27,116,09/09/2015,27/05/2013
994,Cadillac,XLR,19,595,15/09/2014,01/08/2016
995,Pontiac,G5,58,735,27/02/2012,17/04/2014
996,Infiniti,G,100,973,24/02/2012,27/12/2014
997,Chevrolet,Venture,11,319,01/04/2012,17/04/2016
998,Plymouth,Prowler,10,397,30/07/2013,22/11/2017
999,Toyota,Solara,29,299,11/08/2012,22/05/2013
1000,Volvo,XC90,50,824,06/02/2017,28/03/2016
